<?xml version="1.0" encoding="UTF-8" standalone="yes"?>
<addon id="plugin.video.brstuga" name="RHAFLIX" version="1.5" provider-name="RHAFLIX">
  <requires>
    <import addon="xbmc.python" version="2.1.0"/>
	<import addon="script.module.requests"/>
	<import addon="plugin.video.youtube" />
  </requires>
  <extension point="xbmc.python.pluginsource" library="default.py">
    <provides>video</provides>
  </extension>
  <extension point="xbmc.addon.metadata">
    <language>en</language>
    <platform>all</platform>
    <summary lang="en">RHAFLIX</summary>
	<description lang="en">Encontre os melhor conteúdos de filmes e séries disponíveis.</description>
	<license>GNU GENERAL PUBLIC LICENSE. Version 2, June 1991</license>
    <platform>all</platform>
  </extension>
</addon>
